-- USERS
INSERT INTO users (id, created_at, updated_at, email, nickname, password, is_deleted)
VALUES ('54b78d8f-68fb-4c60-8f26-00bb1a5e219d', now(), now(),
        'tester@example.com', '테스터', 'encoded-password486!', false),
       ('7f9ad360-6e95-4fd5-b2f7-6bb92bfe4f31', '2025-04-27 09:13:00', '2025-05-06 10:22:00', 'user1@example.com',
        '김민수', 'encoded-password486!', false),
       ('0f6e458f-1185-4b58-9d38-f9f90933c889', '2025-04-30 14:02:00', '2025-05-04 08:12:00', 'user2@example.com',
        '이서연', 'encoded-password486!', false),
       ('b2782363-34a4-4bbf-999e-312e1f6c0c85', '2025-04-29 11:27:00', '2025-05-06 16:03:00', 'user3@example.com',
        '박지후', 'encoded-password486!', false),
       ('e3ec5d71-0195-4a5f-b991-5d8a5dc84220', '2025-05-01 07:34:00', '2025-05-03 13:11:00', 'user4@example.com',
        '최윤아', 'encoded-password486!', false),
       ('6fa679ac-7d69-4f0c-87ec-385fe64df7cb', '2025-04-28 15:21:00', '2025-05-02 10:45:00', 'user5@example.com',
        '정우진', 'encoded-password486!', false),
       ('29b016f7-5390-4cfa-86d2-dbd09977bb02', '2025-05-02 13:17:00', '2025-05-06 11:32:00', 'user6@example.com',
        '한예림', 'encoded-password486!', false),
       ('7e15e3e7-12f7-4cc9-ae3e-cb2de45df7db', '2025-04-27 10:10:00', '2025-05-05 14:28:00', 'user7@example.com',
        '서도현', 'encoded-password486!', false),
       ('9b3878f6-25aa-4c1a-b847-d1d1a7be8816', '2025-05-01 11:45:00', '2025-05-06 13:09:00', 'user8@example.com',
        '장민재', 'encoded-password486!', false),
       ('c370df8a-d15a-4f87-8a37-64dbdd430891', '2025-04-26 16:55:00', '2025-05-04 07:47:00', 'user9@example.com',
        '배서하', 'encoded-password486!', false),
       ('f1d3a332-0f1a-43e5-ae68-3e4ddee730b3', '2025-05-03 08:01:00', '2025-05-06 09:55:00', 'user10@example.com',
        '윤하준', 'encoded-password486!', false),
       ('1948d3f3-c407-44c5-9e4d-b64be0bc09b4', '2025-04-28 13:26:00', '2025-05-06 08:42:00', 'user11@example.com',
        '문채은', 'encoded-password486!', false),
       ('e53e72e5-1b5b-4d2a-bf29-222d57f6db7d', '2025-04-30 15:14:00', '2025-05-03 17:12:00', 'user12@example.com',
        '임지호', 'encoded-password486!', false),
       ('eae5d019-2820-4cd4-9eb6-b2b368e4c6c3', '2025-05-01 10:00:00', '2025-05-05 12:30:00', 'user13@example.com',
        '조민서', 'encoded-password486!', false),
       ('6d3c5d80-fb88-49e6-9381-6023a8db4b0f', '2025-04-27 12:45:00', '2025-05-06 16:29:00', 'user14@example.com',
        '백현우', 'encoded-password486!', false),
       ('1cf275b0-5366-4422-a987-f3f7f4a837e2', '2025-04-29 09:57:00', '2025-05-04 11:17:00', 'user15@example.com',
        '강서윤', 'encoded-password486!', false),
       ('2ff21570-ef7a-44e6-9a6e-b7f89cb654cf', '2025-05-01 08:32:00', '2025-05-06 15:20:00', 'user16@example.com',
        '신유진', 'encoded-password486!', false),
       ('00f91e49-1579-4b57-9a58-e77185fd91c7', '2025-04-28 07:18:00', '2025-05-02 14:48:00', 'user17@example.com',
        '노지훈', 'encoded-password486!', false),
       ('60bdad86-01b5-4cf5-999b-8d13224dbb08', '2025-04-30 12:41:00', '2025-05-05 09:19:00', 'user18@example.com',
        '안소이', 'encoded-password486!', false),
       ('3f50fc10-3c57-4d30-81f1-8f838ca29065', '2025-05-02 09:13:00', '2025-05-06 13:13:00', 'user19@example.com',
        '남도윤', 'encoded-password486!', false),
       ('14182e61-4bb3-48b7-9c6c-c6931bb1638f', '2025-04-26 11:30:00', '2025-05-01 12:04:00', 'user20@example.com',
        '오예빈', 'encoded-password486!', false),
       ('401e8ecf-7e16-4951-a405-8a39e0fc75e4', '2025-04-27 13:25:00', '2025-05-03 10:47:00', 'user21@example.com',
        '이주원', 'encoded-password486!', false),
       ('cf28e40c-2de6-4c3d-9f7d-11013e2d7b3a', '2025-04-30 08:49:00', '2025-05-04 15:56:00', 'user22@example.com',
        '정윤슬', 'encoded-password486!', false),
       ('ff03c0dc-e5a4-4398-91e5-6cbef6cd199a', '2025-05-01 14:22:00', '2025-05-06 17:30:00', 'user23@example.com',
        '유하린', 'encoded-password486!', false),
       ('9956902e-c651-4cd3-91be-b2953b48f5b4', '2025-04-29 15:02:00', '2025-05-03 11:15:00', 'user24@example.com',
        '장윤호', 'encoded-password486!', false),
       ('0b77cba0-3b7b-4c9f-9eb7-93b5e94904de', '2025-04-27 17:14:00', '2025-05-02 12:39:00', 'user25@example.com',
        '조하늘', 'encoded-password486!', false),
       ('67d28f21-fdf3-4eb9-8199-3e19178b2164', '2025-04-26 08:12:00', '2025-05-01 08:53:00', 'user26@example.com',
        '백소율', 'encoded-password486!', false),
       ('10a2df5c-bb5e-4c2e-842e-c5b52d4b9495', '2025-05-03 13:19:00', '2025-05-06 11:44:00', 'user27@example.com',
        '오시윤', 'encoded-password486!', false),
       ('fbbe989e-3816-4c63-ae5d-4c841f02ac59', '2025-04-29 16:21:00', '2025-05-06 08:50:00', 'user28@example.com',
        '양지후', 'encoded-password486!', false),
       ('70946276-8cc0-4c13-8c82-f8ff275604c4', '2025-05-01 09:30:00', '2025-05-05 10:18:00', 'user29@example.com',
        '하민재', 'encoded-password486!', false),
       ('0b7a9e8e-2353-4908-a4db-9c153438ec83', '2025-04-28 14:33:00', '2025-05-02 11:12:00', 'user30@example.com',
        '김도하', 'encoded-password486!', false),
       ('f8bcb53f-1682-4de0-923a-1471e0e9f37c', '2025-05-02 10:10:00', '2025-05-06 14:40:00', 'user50@example.com',
        '황수아', 'encoded-password486!', false);

-- BOOKS
INSERT INTO books (id, created_at, updated_at, title, author, description, publisher,
                   published_date, isbn, thumbnail_url, review_count, rating, is_deleted)
VALUES ('11111111-2222-3333-4444-555555555555', now(), now(),
        '테스트 책 제목', '작가 이름', '이 책은 테스트용입니다.',
        '출판사 이름', TIMESTAMP '2024-01-01 00:00:00',
        '9734567890123', 'http://example.com/thumb.jpg', 0, 4.5, false),
       ('11111112-2222-3333-4444-555555555555', now(), now(),
        '테스트 책 제목2', '작가 이름2', '이 책은 테스트용입니다.',
        '출판사 이름', TIMESTAMP '2024-01-02 00:00:00',
        '9734567890122', 'http://example.com/thumb2.jpg', 0, 4.5, false),
       ('11111113-2222-3333-4444-555555555555', now(), now(),
        '테스트 책 제목3', '작가 이름', '이 책은 테스트용입니다.',
        '출판사 이름', TIMESTAMP '2024-01-03 00:00:00',
        '9834567890123', 'http://example.com/thumb3.jpg', 0, 4.5, false),
       ('11111114-2222-3333-4444-555555555555', now(), now(),
        '테스트 책 제목4', '작가 이름', '이 책은 테스트용입니다. 논리적 삭제되었습니다.',
        '출판사 이름', TIMESTAMP '2024-01-03 00:00:00',
        '9834567890124', 'http://example.com/thumb3.jpg', 0, 4.5, true);

-- REVIEWS
INSERT INTO reviews (id, created_at, updated_at, content, rating, like_count, comment_count,
                     is_deleted, user_id, book_id)
VALUES ('22222222-3333-4444-5555-666666666666', now(), now(),
        '정말 좋은 리뷰입니다.', 4.5, 0, 0, false,
        '54b78d8f-68fb-4c60-8f26-00bb1a5e219d',
        '11111111-2222-3333-4444-555555555555'),
       ('22222223-3333-4444-5555-666666666666', '2025-05-04 17:07:02.091966+09', now(),
        '정말 좋은 리뷰입니다.', 3.5, 0, 0, false,
        '54b78d8f-68fb-4c60-8f26-00bb1a5e219d',
        '11111111-2222-3333-4444-555555555555'),
       ('22222224-3333-4444-5555-666666666666', '2025-05-04 17:07:02.091966+09', now(),
        '정말 좋은 리뷰입니다.', 3.5, 0, 0, false,
        '54b78d8f-68fb-4c60-8f26-00bb1a5e219d',
        '11111112-2222-3333-4444-555555555555'),
       ('22222225-3333-4444-5555-666666666666', '2025-05-04 17:07:02.091966+09', now(),
        '정말 좋은 리뷰입니다.', 2.5, 0, 0, false,
        '54b78d8f-68fb-4c60-8f26-00bb1a5e219d',
        '11111113-2222-3333-4444-555555555555'),
       ('22222226-3333-4444-5555-666666666666', '2025-05-01 17:07:02.091966+09', now(),
        '정말 좋은 리뷰입니다.', 2.5, 0, 0, false,
        '54b78d8f-68fb-4c60-8f26-00bb1a5e219d',
        '11111111-2222-3333-4444-555555555555'),
       ('22222227-3333-4444-5555-666666666666', '2025-04-24 17:07:02.091966+09', now(),
        '정말 좋은 리뷰입니다.', 4.5, 0, 0, false,
        '54b78d8f-68fb-4c60-8f26-00bb1a5e219d',
        '11111111-2222-3333-4444-555555555555'),
       ('22222228-3333-4444-5555-666666666666', '2025-04-24 17:07:02.091966+09', now(),
        '정말 좋은 리뷰입니다.', 4.5, 0, 0, false,
        '54b78d8f-68fb-4c60-8f26-00bb1a5e219d',
        '11111112-2222-3333-4444-555555555555'),
       ('22222229-3333-4444-5555-666666666666', '2025-04-24 17:07:02.091966+09', now(),
        '논리적 삭제된 책에 대한 리뷰입니다.', 4.5, 0, 0, false,
        '54b78d8f-68fb-4c60-8f26-00bb1a5e219d',
        '11111114-2222-3333-4444-555555555555');

-- NOTIFICATIONS
INSERT INTO notifications (id, created_at, updated_at, content, is_confirmed, user_id, review_id)
VALUES
-- 확인되지 않은 알림들
('11111111-aaaa-aaaa-aaaa-aaaaaaaaaaaa', '2024-01-01T10:00:00', '2024-01-01T10:00:00',
 '[테스터]님이 좋아요를 눌렀습니다.', false,
 '54b78d8f-68fb-4c60-8f26-00bb1a5e219d', '22222222-3333-4444-5555-666666666666'),

('22222222-bbbb-bbbb-bbbb-bbbbbbbbbbbb', '2024-02-01T10:00:00', '2024-02-01T10:00:00',
 '[테스터]님이 댓글을 남겼습니다.', false,
 '54b78d8f-68fb-4c60-8f26-00bb1a5e219d', '22222222-3333-4444-5555-666666666666'),

('33333333-cccc-cccc-cccc-cccccccccccc', '2024-03-01T10:00:00', '2024-03-01T10:00:00',
 '[테스터]님이 팔로우했습니다.', false,
 '54b78d8f-68fb-4c60-8f26-00bb1a5e219d', '22222222-3333-4444-5555-666666666666'),

('44444444-dddd-dddd-dddd-dddddddddddd', '2024-04-01T10:00:00', '2024-04-01T10:00:00',
 '[테스터]님이 리뷰를 작성했습니다.', false,
 '54b78d8f-68fb-4c60-8f26-00bb1a5e219d', '22222222-3333-4444-5555-666666666666'),

-- ✅ 확인된 알림들 (삭제 대상: 2024-01-10 기준 1주일 이상 지난 것)
('55555555-eeee-eeee-eeee-eeeeeeeeeeee', '2024-01-01T09:00:00', '2024-01-01T09:00:00',
 '[테스터]님이 리뷰를 작성했습니다.', true,
 '54b78d8f-68fb-4c60-8f26-00bb1a5e219d', '22222222-3333-4444-5555-666666666666'),

('66666666-ffff-ffff-ffff-ffffffffffff', '2024-03-01T08:00:00', '2024-03-01T08:00:00',
 '[테스터]님이 리뷰를 작성했습니다.', true,
 '54b78d8f-68fb-4c60-8f26-00bb1a5e219d', '22222222-3333-4444-5555-666666666666'),

('77777777-aaaa-bbbb-cccc-ddddeeeeffff', '2024-01-01T09:00:00', '2024-01-01T09:00:00',
 '[테스터]님이 리뷰를 작성했습니다.', true,
 '54b78d8f-68fb-4c60-8f26-00bb1a5e219d', '22222222-3333-4444-5555-666666666666'),

('88888888-abcd-1234-abcd-1234567890ab', '2024-03-01T08:00:00', '2024-03-01T08:00:00',
 '[테스터]님이 리뷰를 작성했습니다.', true,
 '54b78d8f-68fb-4c60-8f26-00bb1a5e219d', '22222222-3333-4444-5555-666666666666');

-- COMMENTS
INSERT INTO comments (id, created_at, updated_at, content, is_deleted, review_id, user_id)
VALUES ('22222225-3333-4444-5555-666666669999', '2025-05-01 00:00:00.000', '2025-05-01 00:00:00.000',
        '리뷰 잘 읽었어요 ㅎㅎ', false,
        '22222225-3333-4444-5555-666666666666', '54b78d8f-68fb-4c60-8f26-00bb1a5e219d'),

       ('22222225-3333-4444-5555-666666669990', '2025-05-01 00:00:00.000', '2025-05-01 00:00:00.000',
        '리뷰 잘 읽었어요 ㅎㅎ', false,
        '22222225-3333-4444-5555-666666666666', '54b78d8f-68fb-4c60-8f26-00bb1a5e219d'),

       ('22222225-3333-4444-5555-666666669991', '2025-05-01 00:00:00.000', '2025-05-01 00:00:00.000',
        '리뷰 잘 읽었어요 ㅎㅎ', false,
        '22222225-3333-4444-5555-666666666666', '54b78d8f-68fb-4c60-8f26-00bb1a5e219d'),

       ('22222225-3333-4444-5555-666666669992', '2025-05-01 00:00:00.000', '2025-05-01 00:00:00.000',
        '리뷰 잘 읽었어요 ㅎㅎ', false,
        '22222225-3333-4444-5555-666666666666', '54b78d8f-68fb-4c60-8f26-00bb1a5e219d');

-- REVIEW_LIKES
INSERT INTO review_likes (id, created_at, user_id, review_id)
VALUES ('89a9cfc6-47f4-418c-a207-e55bbf47fbf8', '2025-05-01 00:00:00.000',
        '54b78d8f-68fb-4c60-8f26-00bb1a5e219d', '22222222-3333-4444-5555-666666666666'),

       ('89a9cfc6-47f4-418c-a207-e55bbf47fbf6', '2025-05-01 00:00:00.000',
        '54b78d8f-68fb-4c60-8f26-00bb1a5e219d', '22222228-3333-4444-5555-666666666666');
